{
  "login_title": "Login",
  "unauth_title": "Oops! You are not logged in",
  "unauth_intro": "You are not currently logged in, but the page you are visiting requires administrator privileges, so please log in first.",
  "back_home": "Back home",
  "notfound_title": "Oops! The page you are visiting is not exists",
  "notfound_intro": "We're sorry, but we can't find the page you're visiting, please wait a moment, or contact the admin.",
  "register_title": "Register",
  "register_intro": "You are creating a user. Once created, this user will have full authority to operate the node, including access to and store sensitive information, so please be cautious.",
  "username": "User name:",
  "password": "Password",
  "invalid": "User name or password is invalid",
  "login_failed": "Unable to login, Please check your user name and password.",
  "confirm": "OK"
}
