{
  "title": "User information",
  "cluster_intro": "You need to configure the user ID and secret to bring your node online.",
  "save": "Save",
  "saved": "Yep! All the cluster changes has been saved~",
  "add": "Add",
  "confirm": "OK",
  "invalid": "Cluster id or secret is invalid",
  "add_cluster": "Add a new cluster",
  "cancel": "Cancel",
  "delete": "Delete",
  "delete_comfirm": "Are you sure to delete this cluster?",
  "delete_failed": "Failed to delete the cluster!",
  "delete_success": "All work has done!",
  "action": "Action",
  "edit": "Edit",
  "edit_cluster": "Edit the cluster"
}