﻿{
  "title": "用户配置",
  "cluster_intro": "你需要配置用户id和secret以上线你的节点。",
  "save": "保存",
  "saved": "太好了！所有cluster更改都已保存~",
  "add": "添加",
  "confirm": "确认",
  "invalid": "Cluster id或secret无效",
  "add_cluster": "添加新的Cluster",
  "cancel": "取消",
  "delete": "删除",
  "delete_confirm": "你确定删除Cluster吗？",
  "delete_failed": "删除cluster失败！",
  "delete_success": "任务成功完成",
  "action": "操作",
  "edit": "编辑",
  "edit_cluster": "编辑cluster"
}